{"Donald Trump": 14.444198548971427, "Joe Biden": 18.610894941906526}