{"Donald Trump": 9.994797862889964, "Joe Biden": 17.53945387488049}