{"Donald Trump": 13.944059650025158, "Joe Biden": 9.83422887253209}