{"Donald Trump": 6.4229808947667975, "Joe Biden": 10.276967181883014}