{"Donald Trump": 14.180833976126477, "Joe Biden": 11.028024727785024}