{"Donald Trump": 13.051356752298615, "Joe Biden": 7.737165076185455}