{"Donald Trump": 9.804515328971988, "Joe Biden": 17.957583783215146}