{"DIE LINKE": 21.89991592599602, "SPD": 29.621558204315125, "B\u00fcndnis 90/Die Gr\u00fcnen": 18.02350218385704, "FDP": 39.94294617692729, "CDU": 30.09833867725289, "CSU": 40.778769110252725, "AfD": 19.119855303687626}