{"DIE LINKE": 10.392628900041181, "SPD": 23.11995020266167, "B\u00fcndnis 90/Die Gr\u00fcnen": 23.78873785183357, "FDP": 42.22250335498662, "CDU": 30.170360430950065, "CSU": 16.777795195546265, "AfD": 19.788325030126984}