{"DIE LINKE": 22.327144241049076, "SPD": 16.114175278697157, "B\u00fcndnis 90/Die Gr\u00fcnen": 22.30016551174478, "FDP": 27.38004321360068, "CDU": 26.217196753416815, "CSU": 35.83517900867387, "AfD": 20.011309091450777}