{"DIE LINKE": 14.160950432463457, "SPD": 24.247052255104055, "B\u00fcndnis 90/Die Gr\u00fcnen": 26.15735881522239, "FDP": 32.15389906349731, "CDU": 26.641057065736057, "CSU": 16.201469652207557, "AfD": 21.267172361569433}