{"DIE LINKE": 12.96517682566255, "SPD": 20.516412512731062, "B\u00fcndnis 90/Die Gr\u00fcnen": 32.47099531453705, "FDP": 12.583853493987066, "CDU": 24.134130168038688, "CSU": 20.565711488576667, "AfD": 13.155383511490104}