{"DIE LINKE": 20.957673694567845, "SPD": 19.478029038339365, "B\u00fcndnis 90/Die Gr\u00fcnen": 14.544649557701101, "FDP": 40.8316031316387, "CDU": 14.95784468252738, "CSU": 22.102322465318185, "AfD": 12.011559309068968}