{"DIE LINKE": 6.84613911091011, "SPD": 27.937320510140935, "B\u00fcndnis 90/Die Gr\u00fcnen": 30.437830740219855, "FDP": 33.69012208184458, "CDU": 20.377716664412173, "CSU": 14.545665959762752, "AfD": 24.11989373981823}