{"DIE LINKE": 18.49717897025542, "SPD": 25.501505388950267, "B\u00fcndnis 90/Die Gr\u00fcnen": 40.883180511103994, "FDP": 26.183777325567014, "CDU": 33.82357822690219, "CSU": 29.199217585829786, "AfD": 14.511540445663595}