{"DIE LINKE": 22.94419719149524, "SPD": 31.12815679825679, "B\u00fcndnis 90/Die Gr\u00fcnen": 30.267496155659636, "FDP": 24.00983829279576, "CDU": 29.07724736649338, "CSU": 15.90771984970345, "AfD": 12.71642862272416}