{
  "Angela Merkel": 42.59289588373228,
  "Boris Johnson": 27.328792422104566,
  "Donald Trump": 33.56537038058944,
  "Mark Rutte": 23.664404569360414,
  "Emmanuel Macron": 27.614245579664082,
  "Justin Trudeau": 29.8184572943768,
  "Giuseppe Conte": 41.03108444623894,
  "Pedro S\u00e1nchez": 31.027508059738558
}