{
  "Angela Merkel": 39.558403066339665,
  "Boris Johnson": 28.443297689311983,
  "Donald Trump": 36.980942918373884,
  "Mark Rutte": 22.642960621043848,
  "Emmanuel Macron": 32.56001300432565,
  "Justin Trudeau": 31.939507054950262,
  "Giuseppe Conte": 59.840744894873275,
  "Pedro S\u00e1nchez": 59.368188525118555
}