{
  "Angela Merkel": 35.520770709992554,
  "Boris Johnson": 24.11654836232244,
  "Donald Trump": 38.02636428543479,
  "Mark Rutte": 21.382120584547284,
  "Emmanuel Macron": 27.574337788362897,
  "Justin Trudeau": 32.16444047316448,
  "Giuseppe Conte": 37.27062432530738,
  "Pedro S\u00e1nchez": 29.465031481089532
}