{
  "Angela Merkel": 38.98601054075591,
  "Boris Johnson": 27.322793468741885,
  "Donald Trump": 34.89472792957274,
  "Mark Rutte": 24.93315080027424,
  "Emmanuel Macron": 29.359598151755527,
  "Justin Trudeau": 29.596055344863412,
  "Giuseppe Conte": 37.20601932863122,
  "Pedro S\u00e1nchez": 27.663562067776915
}