{
  "Angela Merkel": 37.232487585487824,
  "Boris Johnson": 23.99632017700549,
  "Donald Trump": 38.8630236390028,
  "Mark Rutte": 25.056210266343662,
  "Emmanuel Macron": 28.036425189916127,
  "Justin Trudeau": 30.006359700421115,
  "Giuseppe Conte": 33.28297647410869,
  "Pedro S\u00e1nchez": 29.05089013467362
}