{
  "Angela Merkel": 40.46889186132045,
  "Boris Johnson": 27.578416937357225,
  "Donald Trump": 31.332898757284863,
  "Mark Rutte": 21.28877032788921,
  "Emmanuel Macron": 31.319723137182002,
  "Justin Trudeau": 27.512860271613686,
  "Giuseppe Conte": 29.96602703081744,
  "Pedro S\u00e1nchez": 27.951253424254226
}