{
  "Angela Merkel": 43.16886336870514,
  "Boris Johnson": 26.56956139448122,
  "Donald Trump": 33.8640505434211,
  "Mark Rutte": 24.87454122214926,
  "Emmanuel Macron": 35.19019884037124,
  "Justin Trudeau": 26.987866488718453,
  "Giuseppe Conte": 33.536928767097194,
  "Pedro S\u00e1nchez": 27.43075826695329
}