{
  "Angela Merkel": 46.10949646718369,
  "Boris Johnson": 26.918149325942323,
  "Donald Trump": 38.941798599942175,
  "Mark Rutte": 22.320981842036556,
  "Emmanuel Macron": 29.530724529891806,
  "Justin Trudeau": 40.552229261541285,
  "Giuseppe Conte": 42.817403600833366,
  "Pedro S\u00e1nchez": 29.14700449114544
}