{"Google": 40.29914032728012, "Facebook": 22.380495906533405, "Amazon": 37.587267565343026, "Hewlett Packard": 28.32010829486176, "Apple": 27.761304175211325, "PayPal": 29.734332742067387, "Uber": 15.073209225387965, "Microsoft": 53.51914960595191}