{"Google": 11.931029410323164, "Facebook": 23.560748376587206, "Amazon": 47.5931622092783, "Hewlett Packard": 41.942091030300034, "Apple": 40.267842909605264, "PayPal": 12.773449749942827, "Uber": 17.766062112213245, "Microsoft": 54.68798272661366}