{"Google": 12.065157458917183, "Facebook": 34.480764409559605, "Amazon": 49.26584853890245, "Hewlett Packard": 23.288179031860718, "Apple": 30.032037568583732, "PayPal": 8.29886205589299, "Uber": 11.044493948468649, "Microsoft": 43.20357999238856}