{"Google": 30.652796480510357, "Facebook": 18.28082317409705, "Amazon": 57.22355948792435, "Hewlett Packard": 25.084121279970812, "Apple": 32.948037126284376, "PayPal": 8.376721216930894, "Uber": 16.677113785861316, "Microsoft": 52.13397973951981}