{"Google": 38.555682152716976, "Facebook": 18.248813424643043, "Amazon": 42.414102298263, "Hewlett Packard": 30.098000777401033, "Apple": 44.389278459479776, "PayPal": 9.31002865610072, "Uber": 20.653238213675532, "Microsoft": 50.58534773073779}