{
  "Google": 16.30669258292654,
  "Facebook": 22.245880486054126,
  "Amazon": 48.9118498648841,
  "Hewlett Packard": 46.8399697256307,
  "Apple": 37.73771969407399,
  "PayPal": 13.025445835479324,
  "Uber": 22.172405972230365,
  "Microsoft": 40.64234252149315
}