{"Google": 16.547848995035782, "Facebook": 25.282068918449934, "Amazon": 28.49250181353816, "Hewlett Packard": 28.652689976869528, "Apple": 41.061513847037666, "PayPal": 18.219033433000355, "Uber": 26.461682160397004, "Microsoft": 50.55727216652147}