{"Google": 43.47671552651586, "Facebook": 16.870141936200266, "Amazon": 34.477969198139846, "Hewlett Packard": 11.762622626945403, "Apple": 47.30297893631379, "PayPal": 6.897413621059425, "Uber": 14.999705502773233, "Microsoft": 30.42487043729914}