{"Tesla": 44.992838966062706, "Toyota": 62.20719141490802, "Volkswagen": 58.529053498538254, "Honda": 54.09630271829209, "Daimler": 74.58667260105194, "BMW": 62.01497359795116}