{"Tesla": 44.60251622549718, "Toyota": 70.62259423461025, "Volkswagen": 76.0154101656397, "Honda": 65.22282428500434, "Daimler": 79.31282804089666, "BMW": 62.56576529723728}