{
  "Tesla": 54.172795865999866,
  "Toyota": 66.57023594118469,
  "Volkswagen": 64.846812066801,
  "Honda": 58.53107566464,
  "Daimler": 86.43738977605382,
  "BMW": 58.12494166870577
}