{
  "Tesla": 40.877424634959795,
  "Toyota": 66.78490777660349,
  "Volkswagen": 65.33488471455122,
  "Honda": 44.33629431731674,
  "Daimler": 82.20352609440411,
  "BMW": 58.76326343576723
}