{"Tesla": 57.371031869182644, "Toyota": 55.95695412057861, "Volkswagen": 59.537268523981076, "Honda": 63.02500493319748, "Daimler": 75.44749247628754, "BMW": 53.34174180438711}