{
  "Tesla": 61.47859417159057,
  "Toyota": 71.7968275384076,
  "Volkswagen": 71.70519322830557,
  "Honda": 55.76905958334303,
  "Daimler": 86.17354513270071,
  "BMW": 58.074167041162596
}