{
  "Tesla": 40.58246448970234,
  "Toyota": 62.971966375505474,
  "Volkswagen": 58.11981441324018,
  "Honda": 60.56591491528606,
  "Daimler": 67.11914713846089,
  "BMW": 53.25176333950088
}