{
  "Tesla": 45.52756224391932,
  "Toyota": 68.71794497316105,
  "Volkswagen": 61.91969788006995,
  "Honda": 56.9730726020681,
  "Daimler": 83.37678992962957,
  "BMW": 59.03829806702407
}