{"Tesla": 52.141448245530675, "Toyota": 72.08751852811204, "Volkswagen": 55.66765587604745, "Honda": 60.536845501612156, "Daimler": 75.2316631095306, "BMW": 68.39261099180739}