{"Angela Merkel": 26.383100304863145, "Boris Johnson": 10.86315631574827, "Donald Trump": 18.151450249809358, "Mark Rutte": 1.6517557301834462, "Emmanuel Macron": 17.066743562575446, "Justin Trudeau": 13.825374573494557, "Giuseppe Conte": 19.82948462633474, "Pedro S\u00e1nchez": 16.139853193749516}