{"Angela Merkel": 28.320989997226643, "Boris Johnson": 7.658988636618464, "Donald Trump": 10.588720682080236, "Mark Rutte": 3.787797146983682, "Emmanuel Macron": 5.194229234281256, "Justin Trudeau": 18.471550207668102, "Giuseppe Conte": 22.12052643447078, "Pedro S\u00e1nchez": 24.120605900525703}