{
  "Angela Merkel": 42.65679199778131,
  "Boris Johnson": 26.127190909294768,
  "Donald Trump": 28.47097654566419,
  "Mark Rutte": 23.030237717586942,
  "Emmanuel Macron": 24.155383387425005,
  "Justin Trudeau": 34.77724016613448,
  "Giuseppe Conte": 37.69642114757663,
  "Pedro S\u00e1nchez": 39.296484720420565
}