{"Angela Merkel": 34.21970287999907, "Boris Johnson": 28.531136884811172, "Donald Trump": 36.96621409594506, "Mark Rutte": 24.198937535200965, "Emmanuel Macron": 29.419621226343416, "Justin Trudeau": 32.014671403321145, "Giuseppe Conte": 34.397467587099804, "Pedro S\u00e1nchez": 31.378486632737626}