{"Angela Merkel": 41.86829262504911, "Boris Johnson": 28.516550607713196, "Donald Trump": 33.26065013194183, "Mark Rutte": 23.590156636995186, "Emmanuel Macron": 27.16655209020265, "Justin Trudeau": 26.82911067273625, "Giuseppe Conte": 32.522319577280214, "Pedro S\u00e1nchez": 31.029137351461184}