{"Angela Merkel": 40.003588612563966, "Boris Johnson": 25.592704830620598, "Donald Trump": 30.940320989158984, "Mark Rutte": 20.0, "Emmanuel Macron": 34.39172264026638, "Justin Trudeau": 32.56283828402339, "Giuseppe Conte": 30.314112485934505, "Pedro S\u00e1nchez": 24.64909334727845}