{"Angela Merkel": 40.3225797160566, "Boris Johnson": 19.36712217554376, "Donald Trump": 31.175810900063635, "Mark Rutte": 0.43136755172920177, "Emmanuel Macron": 12.57500916764317, "Justin Trudeau": 10.698159428970191, "Giuseppe Conte": 28.386972598923133, "Pedro S\u00e1nchez": 17.283121079851636}