{"Angela Merkel": 66.42777476904932, "Boris Johnson": 28.87138138714571, "Donald Trump": 45.78847804159737, "Mark Rutte": 22.475399552396578, "Emmanuel Macron": 40.14830126596574, "Justin Trudeau": 35.17047424033548, "Giuseppe Conte": 39.46259796208294, "Pedro S\u00e1nchez": 46.91552016805133}