{"Angela Merkel": 46.946204441193785, "Boris Johnson": 28.492470066825064, "Donald Trump": 36.03823884288243, "Mark Rutte": 20.0, "Emmanuel Macron": 29.08230334924957, "Justin Trudeau": 26.087487929687978, "Giuseppe Conte": 30.13554100383597, "Pedro S\u00e1nchez": 31.80754390140806}