{"Angela Merkel": 34.10166582022563, "Boris Johnson": 24.56618299947892, "Donald Trump": 29.651558229799868, "Mark Rutte": 21.481504502440444, "Emmanuel Macron": 30.505050035893532, "Justin Trudeau": 32.33511992681191, "Giuseppe Conte": 37.7524397621924, "Pedro S\u00e1nchez": 27.42966152721354}