{"Angela Merkel": 41.106480243890516, "Boris Johnson": 28.690525052598616, "Donald Trump": 34.521160199847486, "Mark Rutte": 21.321404584146755, "Emmanuel Macron": 33.65339485006036, "Justin Trudeau": 31.060299658795646, "Giuseppe Conte": 35.86358770106779, "Pedro S\u00e1nchez": 32.911882554999615}