{"Angela Merkel": 47.981231285233044, "Boris Johnson": 24.429192883147905, "Donald Trump": 35.64964364093099, "Mark Rutte": 21.568406336226367, "Emmanuel Macron": 27.680245918155993, "Justin Trudeau": 32.0833678181741, "Giuseppe Conte": 41.48794649811439, "Pedro S\u00e1nchez": 26.919439964321686}