{
  "Angela Merkel": 42.217664745331575,
  "Boris Johnson": 27.328792422104566,
  "Donald Trump": 33.17097951684623,
  "Mark Rutte": 23.688366369143722,
  "Emmanuel Macron": 27.155338259301526,
  "Justin Trudeau": 29.43708692491162,
  "Giuseppe Conte": 40.8540698663388,
  "Pedro S\u00e1nchez": 30.520996133641727
}