{
  "Angela Merkel": 40.82980707073149,
  "Boris Johnson": 26.912944133347697,
  "Donald Trump": 31.207310205444287,
  "Mark Rutte": 21.26972739471039,
  "Emmanuel Macron": 31.448138479549943,
  "Justin Trudeau": 27.76310192595008,
  "Giuseppe Conte": 29.96602703081744,
  "Pedro S\u00e1nchez": 27.902302627081475
}