{"Angela Merkel": 20.527839212178836, "Boris Johnson": 5.033562215489815, "Donald Trump": 23.85433857956373, "Mark Rutte": 6.291163791678517, "Emmanuel Macron": 10.166311775353028, "Justin Trudeau": 12.5179102084415, "Giuseppe Conte": 16.01875668683592, "Pedro S\u00e1nchez": 11.425391845798424}