{"Angela Merkel": 47.22282117418916, "Boris Johnson": 19.36712217554376, "Donald Trump": 18.408689594323093, "Mark Rutte": 2.1320218903996815, "Emmanuel Macron": 11.365320206586723, "Justin Trudeau": 10.307189570757476, "Giuseppe Conte": 23.293350106741666, "Pedro S\u00e1nchez": 7.697407281411193}