{"Angela Merkel": 39.377495526098116, "Boris Johnson": 17.399620902244102, "Donald Trump": 14.833498364804903, "Mark Rutte": 3.247102106175887, "Emmanuel Macron": 18.416757059828008, "Justin Trudeau": 16.024112835268657, "Giuseppe Conte": 25.135230308598988, "Pedro S\u00e1nchez": 10.520123721031084}