{"Angela Merkel": 24.848584526315364, "Boris Johnson": 10.375947235309642, "Donald Trump": 21.33905481514603, "Mark Rutte": 3.2594565758701406, "Emmanuel Macron": 15.831304238056552, "Justin Trudeau": 14.593262413880964, "Giuseppe Conte": 47.864313550888085, "Pedro S\u00e1nchez": 48.53027312361213}