{
  "Angela Merkel": 39.11281577931438,
  "Boris Johnson": 29.144747053713807,
  "Donald Trump": 37.066445178949394,
  "Mark Rutte": 21.227176292842813,
  "Emmanuel Macron": 29.43725303420485,
  "Justin Trudeau": 38.26529084700995,
  "Giuseppe Conte": 45.39847554527837,
  "Pedro S\u00e1nchez": 48.46474263327211
}