{"Angela Merkel": 59.47257397735628, "Boris Johnson": 26.548829600168432, "Donald Trump": 51.19387227176236, "Mark Rutte": 23.34150439044216, "Emmanuel Macron": 36.38178029471695, "Justin Trudeau": 31.044282597374057, "Giuseppe Conte": 48.05337680668351, "Pedro S\u00e1nchez": 43.035788582026555}