{"Angela Merkel": 27.772080931664465, "Boris Johnson": 9.160990527630705, "Donald Trump": 16.463724396057792, "Mark Rutte": 4.610457961429656, "Emmanuel Macron": 8.944172824126904, "Justin Trudeau": 11.796358656139523, "Giuseppe Conte": 26.067587332923488, "Pedro S\u00e1nchez": 13.151245167052158}