{
  "Angela Merkel": 38.34231560123236,
  "Boris Johnson": 27.322793468741885,
  "Donald Trump": 34.91275374432852,
  "Mark Rutte": 24.978318632828397,
  "Emmanuel Macron": 29.365217739635835,
  "Justin Trudeau": 29.707011679759688,
  "Giuseppe Conte": 37.033326040153284,
  "Pedro S\u00e1nchez": 27.608887451956548
}