{
  "Angela Merkel": 39.878867621052294,
  "Boris Johnson": 28.30075778824771,
  "Donald Trump": 37.07124385211682,
  "Mark Rutte": 22.607565260696113,
  "Emmanuel Macron": 32.66504339044524,
  "Justin Trudeau": 31.674609931104772,
  "Giuseppe Conte": 58.29145084071048,
  "Pedro S\u00e1nchez": 58.82421849888971
}