{
  "Angela Merkel": 42.87456806094958,
  "Boris Johnson": 26.532671832220064,
  "Donald Trump": 33.77302118187899,
  "Mark Rutte": 24.560764543001902,
  "Emmanuel Macron": 35.25560386681549,
  "Justin Trudeau": 26.45553074269901,
  "Giuseppe Conte": 33.31994298683658,
  "Pedro S\u00e1nchez": 27.948893016481342
}