{"Angela Merkel": 23.891019724142986, "Boris Johnson": 11.430933817142266, "Donald Trump": 21.33305647368674, "Mark Rutte": 1.5339703660535184, "Emmanuel Macron": 11.796566292756058, "Justin Trudeau": 22.831613558762438, "Giuseppe Conte": 31.748094431597963, "Pedro S\u00e1nchez": 35.580928291590126}