{"Angela Merkel": 36.422271369743065, "Boris Johnson": 24.026849772391852, "Donald Trump": 39.08347086365099, "Mark Rutte": 25.032931033342813, "Emmanuel Macron": 28.13304942028242, "Justin Trudeau": 30.0143281667532, "Giuseppe Conte": 32.815005349468734, "Pedro S\u00e1nchez": 29.140313476638745}