{"Angela Merkel": 28.59321007618697, "Boris Johnson": 8.165839790275081, "Donald Trump": 17.216276477348735, "Mark Rutte": 5.7009556787523765, "Emmanuel Macron": 19.069504833519364, "Justin Trudeau": 8.06941342837377, "Giuseppe Conte": 16.64992873354572, "Pedro S\u00e1nchez": 9.936116270601678}