{"Angela Merkel": 35.608196403244804, "Boris Johnson": 24.1087280268249, "Donald Trump": 37.97228445218645, "Mark Rutte": 21.389136059041014, "Emmanuel Macron": 26.776621719346736, "Justin Trudeau": 32.74492623804436, "Giuseppe Conte": 36.38960699422315, "Pedro S\u00e1nchez": 30.026689431467076}