{"Google": 32.24114366318095, "Facebook": 20.451571217728816, "Amazon": 39.93547980768767, "Hewlett Packard": 23.288179031860718, "Apple": 38.535974137179934, "PayPal": 8.610076476474458, "Uber": 10.96779602911878, "Microsoft": 46.059567135466764}