{"Google": 35.254423970026785, "Facebook": 14.27292539074036, "Amazon": 33.5035085936963, "Hewlett Packard": 24.323248189155596, "Apple": 32.01308016625883, "PayPal": 10.122081475504523, "Uber": 15.844129927600445, "Microsoft": 52.10052463793448}