{"Google": 33.021406301275746, "Facebook": 38.16440988497069, "Amazon": 24.184247818559943, "Hewlett Packard": 20.04103984520169, "Apple": 33.04804183100169, "PayPal": 32.37007485579417, "Uber": 19.402965064120774, "Microsoft": 53.51914960595191}