{"Google": 14.810228257545116, "Facebook": 20.429183519820068, "Amazon": 30.375535555843154, "Hewlett Packard": 28.652689976869528, "Apple": 34.68059628637384, "PayPal": 21.261121808552165, "Uber": 24.36435686404409, "Microsoft": 46.41193799817584}