{"Google": 25.9155086648758, "Facebook": 17.329164266033498, "Amazon": 33.83451404062931, "Hewlett Packard": 12.730780552419507, "Apple": 47.277583574502415, "PayPal": 7.098312726354962, "Uber": 16.01774126987524, "Microsoft": 20.427262622292844}