{"Google": 28.01440236185685, "Facebook": 20.764628846438125, "Amazon": 34.68798342493847, "Hewlett Packard": 52.28225731485905, "Apple": 37.97257017658697, "PayPal": 16.087863753653927, "Uber": 21.751122948636624, "Microsoft": 37.666383160317714}