{"Google": 12.012684834890457, "Facebook": 17.38545981887002, "Amazon": 24.700262527157307, "Hewlett Packard": 41.942091030300034, "Apple": 29.646331633786822, "PayPal": 3.338445034104772, "Uber": 18.83800206762731, "Microsoft": 54.223235867057355}