{"Google": 38.63323708769921, "Facebook": 19.709460403739158, "Amazon": 38.8286799611187, "Hewlett Packard": 30.098000777401033, "Apple": 35.0068156260775, "PayPal": 9.801971808373912, "Uber": 12.935050659191027, "Microsoft": 52.283274021584994}