{"Donald Trump": 18.539366412546528, "Joe Biden": 8.270517200865982}