{"Donald Trump": 14.4399029182419, "Joe Biden": 12.780464687450635}