{"Donald Trump": 12.272605537163695, "Joe Biden": 9.390225818606265}