{"Donald Trump": 10.655152142803098, "Joe Biden": 9.830581104282102}