{"Donald Trump": 14.784730227136686, "Joe Biden": 17.658666422783444}