{"Donald Trump": 10.755058175058082, "Joe Biden": 12.912215206374405}