{"Donald Trump": 13.430415103213772, "Joe Biden": 26.937940962470012}