{"DIE LINKE": 19.23925547432841, "SPD": 25.87062241594454, "B\u00fcndnis 90/Die Gr\u00fcnen": 31.02379510949424, "FDP": 38.61923399559798, "CDU": 18.090971969905997, "CSU": 26.83963381471377, "AfD": 16.59890972971329}