{"DIE LINKE": 21.712145685963574, "SPD": 24.849540825471482, "B\u00fcndnis 90/Die Gr\u00fcnen": 27.196487378585683, "FDP": 31.08700581223473, "CDU": 23.29785429629148, "CSU": 25.92557225977028, "AfD": 17.777301388667116}