{"DIE LINKE": 18.895637502358927, "SPD": 25.501505388950267, "B\u00fcndnis 90/Die Gr\u00fcnen": 29.44185525882228, "FDP": 26.898923437359922, "CDU": 28.437647322209813, "CSU": 29.199217585829786, "AfD": 20.56699720671015}