{"DIE LINKE": 17.75048037240983, "SPD": 24.299872131597876, "B\u00fcndnis 90/Die Gr\u00fcnen": 31.716185683105262, "FDP": 21.504537831456187, "CDU": 24.104750878267282, "CSU": 12.337302418898172, "AfD": 25.78045463963895}