{"DIE LINKE": 17.759323268477804, "SPD": 25.500017629016707, "B\u00fcndnis 90/Die Gr\u00fcnen": 24.009725834723938, "FDP": 34.845313694471095, "CDU": 21.984157212724345, "CSU": 21.457963088952713, "AfD": 23.154442590734682}