{"DIE LINKE": 14.654887930995079, "SPD": 32.890217442214926, "B\u00fcndnis 90/Die Gr\u00fcnen": 26.343605391999088, "FDP": 23.7030634482821, "CDU": 20.293593464124683, "CSU": 22.14399933381141, "AfD": 26.052660777761204}