{"DIE LINKE": 14.621863523678314, "SPD": 23.975602214159903, "B\u00fcndnis 90/Die Gr\u00fcnen": 24.376031810369195, "FDP": 23.681545719510837, "CDU": 17.41462243051468, "CSU": 23.67888760830652, "AfD": 21.651498830201835}