{"DIE LINKE": 14.036162522168322, "SPD": 24.516998307362737, "B\u00fcndnis 90/Die Gr\u00fcnen": 35.80846583375251, "FDP": 15.795794898072115, "CDU": 16.725374626811647, "CSU": 25.042882481352308, "AfD": 29.1448079352581}