{"DIE LINKE": 12.213510879614653, "SPD": 24.564192144501302, "B\u00fcndnis 90/Die Gr\u00fcnen": 24.880066318306696, "FDP": 21.134961317850358, "CDU": 21.34251098678522, "CSU": 20.2297465370019, "AfD": 19.516871276149995}