{"Tesla": 45.296929189617806, "Toyota": 43.50341499304719, "Volkswagen": 47.821249238850484, "Honda": 63.17379174544858, "Daimler": 67.81550720187653, "BMW": 64.70016713477422}