{
  "Tesla": 53.69984829915923,
  "Toyota": 51.9225296039018,
  "Volkswagen": 82.00475030605128,
  "Honda": 56.55740588873142,
  "Daimler": 86.3031886081149,
  "BMW": 54.97819897453876
}