{
  "Tesla": 51.6461278179009,
  "Toyota": 68.94300968896925,
  "Volkswagen": 53.501918922311944,
  "Honda": 58.603910077415364,
  "Daimler": 77.57981915452031,
  "BMW": 52.57126885030894
}