{
  "Tesla": 40.42807704601076,
  "Toyota": 60.63867521953242,
  "Volkswagen": 60.82784926772488,
  "Honda": 60.63911790071522,
  "Daimler": 67.57383940251297,
  "BMW": 67.49196841146252
}