{
  "Tesla": 63.05661738703624,
  "Toyota": 57.29384972129783,
  "Volkswagen": 64.96747002549742,
  "Honda": 57.51381259830186,
  "Daimler": 82.15841212879951,
  "BMW": 54.025020392909276
}