{
  "Tesla": 48.65001914753823,
  "Toyota": 61.56003378069283,
  "Volkswagen": 65.77550126550173,
  "Honda": 55.08176774035087,
  "Daimler": 59.50537320678959,
  "BMW": 52.148650776305914
}