{"Tesla": 52.80694722715602, "Toyota": 61.430182893089636, "Volkswagen": 69.16463306375641, "Honda": 64.25223233629247, "Daimler": 75.2901641905386, "BMW": 46.14726042419445}