{"Tesla": 69.62774168328693, "Toyota": 65.61379831731333, "Volkswagen": 71.16986673631558, "Honda": 64.72275575175827, "Daimler": 77.53010505010315, "BMW": 73.63501125002281}