{
  "Tesla": 51.60633088262898,
  "Toyota": 63.55043997084788,
  "Volkswagen": 73.68196491853429,
  "Honda": 53.18951278532964,
  "Daimler": 67.96873642790503,
  "BMW": 57.36917355724983
}