{
  "Tesla": 30.732396714717403,
  "Toyota": 62.055617809389894,
  "Volkswagen": 67.40209551098555,
  "Honda": 56.20914625118923,
  "Daimler": 80.90983614798296,
  "BMW": 50.44812793496155
}