{"Angela Merkel": 34.26618137628014, "Boris Johnson": 17.373114670702048, "Donald Trump": 9.808730942883068, "Mark Rutte": 4.023343821648238, "Emmanuel Macron": 13.705959706725638, "Justin Trudeau": 11.158082686807976, "Giuseppe Conte": 16.77501923251184, "Pedro S\u00e1nchez": 14.087098844589471}