{"Angela Merkel": 33.68275555149223, "Boris Johnson": 10.615587583531335, "Donald Trump": 20.047798553603034, "Mark Rutte": 0.0, "Emmanuel Macron": 11.352879186561966, "Justin Trudeau": 7.609359912109973, "Giuseppe Conte": 12.66942625479496, "Pedro S\u00e1nchez": 14.75942987676007}