{"Angela Merkel": 25.00448576570495, "Boris Johnson": 6.990881038275747, "Donald Trump": 13.675401236448725, "Mark Rutte": 0.0, "Emmanuel Macron": 17.989653300332975, "Justin Trudeau": 15.703547855029242, "Giuseppe Conte": 12.892640607418132, "Pedro S\u00e1nchez": 5.811366684098064}