{"Angela Merkel": 34.9765391065413, "Boris Johnson": 5.53649110393488, "Donald Trump": 19.56205455116374, "Mark Rutte": 1.9605079202829567, "Emmanuel Macron": 9.60030739769499, "Justin Trudeau": 15.104209772717633, "Giuseppe Conte": 26.859933122642985, "Pedro S\u00e1nchez": 8.649299955402105}