{"Angela Merkel": 35.05869648103188, "Boris Johnson": 12.713314759319363, "Donald Trump": 15.207217384717925, "Mark Rutte": 2.098322632788906, "Emmanuel Macron": 11.173727810591558, "Justin Trudeau": 11.139356733487753, "Giuseppe Conte": 29.06517407388309, "Pedro S\u00e1nchez": 6.213305799854174}