{"Angela Merkel": 29.704281274377742, "Boris Johnson": 20.827103804782553, "Donald Trump": 18.164739343572396, "Mark Rutte": 6.6446887597069555, "Emmanuel Macron": 13.526291160552109, "Justin Trudeau": 7.440384461776503, "Giuseppe Conte": 18.45627249821301, "Pedro S\u00e1nchez": 11.581665555757468}