{"Angela Merkel": 27.335365781311378, "Boris Johnson": 10.645688259641496, "Donald Trump": 16.575812664927284, "Mark Rutte": 4.487695796243988, "Emmanuel Macron": 8.958190112753318, "Justin Trudeau": 8.536388340920306, "Giuseppe Conte": 15.652899471600264, "Pedro S\u00e1nchez": 13.786421689326477}