{"Angela Merkel": 58.034718461311655, "Boris Johnson": 11.089226733932142, "Donald Trump": 32.23559755199671, "Mark Rutte": 3.094249440495721, "Emmanuel Macron": 25.185376582457174, "Justin Trudeau": 18.96309280041935, "Giuseppe Conte": 24.328247452603666, "Pedro S\u00e1nchez": 33.644400210064155}