{"Angela Merkel": 17.627082275282035, "Boris Johnson": 5.707728749348647, "Donald Trump": 12.064447787249831, "Mark Rutte": 1.8518806280505569, "Emmanuel Macron": 13.131312544866914, "Justin Trudeau": 15.418899908514888, "Giuseppe Conte": 22.190549702740505, "Pedro S\u00e1nchez": 9.287076909016928}