{"Angela Merkel": 35.71799565581075, "Boris Johnson": 6.881941381020656, "Donald Trump": 4.768797810137827, "Mark Rutte": 6.667793880660332, "Emmanuel Macron": 17.328155017644907, "Justin Trudeau": 16.132977339921815, "Giuseppe Conte": 23.367817438097713, "Pedro S\u00e1nchez": 14.525328544454336}