{"Angela Merkel": 20.284175021784677, "Boris Johnson": 26.483086026579787, "Donald Trump": 17.93479735504226, "Mark Rutte": 4.662859774256799, "Emmanuel Macron": 16.541100589850284, "Justin Trudeau": 12.58694497248308, "Giuseppe Conte": 14.351764798586256, "Pedro S\u00e1nchez": 10.87740674043937}