{"Angela Merkel": 17.774628599998838, "Boris Johnson": 10.663921106013968, "Donald Trump": 21.207767619931328, "Mark Rutte": 5.248671919001206, "Emmanuel Macron": 11.77452653292927, "Justin Trudeau": 15.018339254151423, "Giuseppe Conte": 17.996834483874753, "Pedro S\u00e1nchez": 14.223108290922035}