{"Angela Merkel": 26.070508161177507, "Boris Johnson": 9.842862331048238, "Donald Trump": 4.973777785198569, "Mark Rutte": 3.049361953827788, "Emmanuel Macron": 10.390686474220432, "Justin Trudeau": 8.79543934398746, "Giuseppe Conte": 24.072727667750357, "Pedro S\u00e1nchez": 9.588776091354566}