{"Angela Merkel": 49.34071747169534, "Boris Johnson": 8.186037000210538, "Donald Trump": 38.99234033970295, "Mark Rutte": 4.1768804880527, "Emmanuel Macron": 20.477225368396184, "Justin Trudeau": 13.805353246717573, "Giuseppe Conte": 35.06672100835439, "Pedro S\u00e1nchez": 28.794735727533187}