{"Angela Merkel": 28.177861268490727, "Boris Johnson": 16.041879529925843, "Donald Trump": 19.31753894767568, "Mark Rutte": 4.43894261934787, "Emmanuel Macron": 13.243368675262083, "Justin Trudeau": 9.233802190435176, "Giuseppe Conte": 20.002281445672132, "Pedro S\u00e1nchez": 17.81901293380301}