{"Angela Merkel": 19.510245504056012, "Boris Johnson": 5.1359100335311245, "Donald Trump": 22.465355565233068, "Mark Rutte": 1.7364200738012703, "Emmanuel Macron": 8.470777149183425, "Justin Trudeau": 15.931157797555445, "Giuseppe Conte": 20.487008742778936, "Pedro S\u00e1nchez": 12.533361789333847}