{"Angela Merkel": 35.57463511071196, "Boris Johnson": 20.957585218682343, "Donald Trump": 19.50185739255393, "Mark Rutte": 4.38233465396555, "Emmanuel Macron": 15.995929296207686, "Justin Trudeau": 9.92484769021192, "Giuseppe Conte": 30.30219430077065, "Pedro S\u00e1nchez": 7.976176726638608}