{"Angela Merkel": 22.927894501540447, "Boris Johnson": 9.153491835927351, "Donald Trump": 18.640942180410644, "Mark Rutte": 6.222898291035495, "Emmanuel Macron": 11.70652217454479, "Justin Trudeau": 12.13376459969961, "Giuseppe Conte": 21.29165755019161, "Pedro S\u00e1nchez": 9.511109314945688}