{"Angela Merkel": 30.644770888208534, "Boris Johnson": 14.717989150263024, "Donald Trump": 14.366661153775645, "Mark Rutte": 1.90016144688233, "Emmanuel Macron": 13.7438213833597, "Justin Trudeau": 8.38098451284021, "Giuseppe Conte": 16.364776503805064, "Pedro S\u00e1nchez": 11.093671110531531}