{"Angela Merkel": 26.037258838414363, "Boris Johnson": 8.641180166684622, "Donald Trump": 14.009137756805357, "Mark Rutte": 1.5871592433879853, "Emmanuel Macron": 14.310173099437426, "Justin Trudeau": 9.703877407437604, "Giuseppe Conte": 12.457533788521802, "Pedro S\u00e1nchez": 9.877878283851842}